<?xml version="1.0" encoding="UTF-8"?>
<GenRun Id="impl_1" LaunchPart="xc7z010clg400-1" LaunchTime="1524096814">
  <File Type="PWROPT-DRC" Name="twofish_pipeline_drc_pwropted.rpt"/>
  <File Type="OPT-METHODOLOGY-DRC" Name="twofish_pipeline_methodology_drc_opted.rpt"/>
  <File Type="INIT-TIMING" Name="twofish_pipeline_timing_summary_init.rpt"/>
  <File Type="ROUTE-PWR-RPX" Name="twofish_pipeline_power_routed.rpx"/>
  <File Type="PA-TCL" Name="twofish_pipeline.tcl"/>
  <File Type="OPT-HWDEF" Name="twofish_pipeline.hwdef"/>
  <File Type="RDI-RDI" Name="twofish_pipeline.vdi"/>
  <File Type="OPT-DCP" Name="twofish_pipeline_opt.dcp"/>
  <File Type="OPT-DRC" Name="twofish_pipeline_drc_opted.rpt"/>
  <File Type="OPT-TIMING" Name="twofish_pipeline_timing_summary_opted.rpt"/>
  <File Type="PWROPT-DCP" Name="twofish_pipeline_pwropt.dcp"/>
  <File Type="PWROPT-TIMING" Name="twofish_pipeline_timing_summary_pwropted.rpt"/>
  <File Type="PLACE-DCP" Name="twofish_pipeline_placed.dcp"/>
  <File Type="PLACE-IO" Name="twofish_pipeline_io_placed.rpt"/>
  <File Type="PLACE-CLK" Name="twofish_pipeline_clock_utilization_placed.rpt"/>
  <File Type="PLACE-UTIL" Name="twofish_pipeline_utilization_placed.rpt"/>
  <File Type="PLACE-UTIL-PB" Name="twofish_pipeline_utilization_placed.pb"/>
  <File Type="PLACE-CTRL" Name="twofish_pipeline_control_sets_placed.rpt"/>
  <File Type="PLACE-SIMILARITY" Name="twofish_pipeline_incremental_reuse_placed.rpt"/>
  <File Type="PLACE-PRE-SIMILARITY" Name="twofish_pipeline_incremental_reuse_pre_placed.rpt"/>
  <File Type="PLACE-TIMING" Name="twofish_pipeline_timing_summary_placed.rpt"/>
  <File Type="POSTPLACE-PWROPT-DCP" Name="twofish_pipeline_postplace_pwropt.dcp"/>
  <File Type="POSTPLACE-PWROPT-TIMING" Name="twofish_pipeline_timing_summary_postplace_pwropted.rpt"/>
  <File Type="PHYSOPT-DCP" Name="twofish_pipeline_physopt.dcp"/>
  <File Type="PHYSOPT-DRC" Name="twofish_pipeline_drc_physopted.rpt"/>
  <File Type="PHYSOPT-TIMING" Name="twofish_pipeline_timing_summary_physopted.rpt"/>
  <File Type="ROUTE-ERROR-DCP" Name="twofish_pipeline_routed_error.dcp"/>
  <File Type="ROUTE-DCP" Name="twofish_pipeline_routed.dcp"/>
  <File Type="ROUTE-BLACKBOX-DCP" Name="twofish_pipeline_routed_bb.dcp"/>
  <File Type="ROUTE-DRC" Name="twofish_pipeline_drc_routed.rpt"/>
  <File Type="ROUTE-DRC-PB" Name="twofish_pipeline_drc_routed.pb"/>
  <File Type="BG-BIN" Name="twofish_pipeline.bin"/>
  <File Type="ROUTE-DRC-RPX" Name="twofish_pipeline_drc_routed.rpx"/>
  <File Type="BG-DRC" Name="twofish_pipeline.drc"/>
  <File Type="ROUTE-METHODOLOGY-DRC" Name="twofish_pipeline_methodology_drc_routed.rpt"/>
  <File Type="BITSTR-MSK" Name="twofish_pipeline.msk"/>
  <File Type="ROUTE-METHODOLOGY-DRC-RPX" Name="twofish_pipeline_methodology_drc_routed.rpx"/>
  <File Type="BG-BGN" Name="twofish_pipeline.bgn"/>
  <File Type="ROUTE-METHODOLOGY-DRC-PB" Name="twofish_pipeline_methodology_drc_routed.pb"/>
  <File Type="ROUTE-PWR" Name="twofish_pipeline_power_routed.rpt"/>
  <File Type="ROUTE-PWR-SUM" Name="twofish_pipeline_power_summary_routed.pb"/>
  <File Type="ROUTE-STATUS" Name="twofish_pipeline_route_status.rpt"/>
  <File Type="ROUTE-STATUS-PB" Name="twofish_pipeline_route_status.pb"/>
  <File Type="ROUTE-TIMINGSUMMARY" Name="twofish_pipeline_timing_summary_routed.rpt"/>
  <File Type="ROUTE-TIMING-PB" Name="twofish_pipeline_timing_summary_routed.pb"/>
  <File Type="ROUTE-TIMING-RPX" Name="twofish_pipeline_timing_summary_routed.rpx"/>
  <File Type="ROUTE-SIMILARITY" Name="twofish_pipeline_incremental_reuse_routed.rpt"/>
  <File Type="ROUTE-CLK" Name="twofish_pipeline_clock_utilization_routed.rpt"/>
  <File Type="POSTROUTE-PHYSOPT-DCP" Name="twofish_pipeline_postroute_physopt.dcp"/>
  <File Type="POSTROUTE-PHYSOPT-BLACKBOX-DCP" Name="twofish_pipeline_postroute_physopt_bb.dcp"/>
  <File Type="POSTROUTE-PHYSOPT-TIMING" Name="twofish_pipeline_timing_summary_postroute_physopted.rpt"/>
  <File Type="POSTROUTE-PHYSOPT-TIMING-PB" Name="twofish_pipeline_timing_summary_postroute_physopted.pb"/>
  <File Type="POSTROUTE-PHYSOPT-TIMING-RPX" Name="twofish_pipeline_timing_summary_postroute_physopted.rpx"/>
  <File Type="BG-BIT" Name="twofish_pipeline.bit"/>
  <File Type="BITSTR-RBT" Name="twofish_pipeline.rbt"/>
  <File Type="BITSTR-NKY" Name="twofish_pipeline.nky"/>
  <File Type="BITSTR-BMM" Name="twofish_pipeline_bd.bmm"/>
  <File Type="BITSTR-MMI" Name="twofish_pipeline.mmi"/>
  <File Type="BITSTR-SYSDEF" Name="twofish_pipeline.sysdef"/>
  <File Type="WBT-USG" Name="usage_statistics_webtalk.html"/>
  <FileSet Name="sources" Type="DesignSrcs" RelSrcDir="$PSRCDIR/sources_1">
    <Filter Type="Srcs"/>
    <File Path="$PPRDIR/src/counter.v">
      <FileInfo>
        <Attr Name="UsedIn" Val="synthesis"/>
        <Attr Name="UsedIn" Val="implementation"/>
        <Attr Name="UsedIn" Val="simulation"/>
      </FileInfo>
    </File>
    <File Path="$PPRDIR/src/even_key_memory.v">
      <FileInfo>
        <Attr Name="UsedIn" Val="synthesis"/>
        <Attr Name="UsedIn" Val="implementation"/>
        <Attr Name="UsedIn" Val="simulation"/>
      </FileInfo>
    </File>
    <File Path="$PPRDIR/src/function_f_singleHinst.v">
      <FileInfo>
        <Attr Name="UsedIn" Val="synthesis"/>
        <Attr Name="UsedIn" Val="implementation"/>
        <Attr Name="UsedIn" Val="simulation"/>
      </FileInfo>
    </File>
    <File Path="$PPRDIR/src/h_compact.v">
      <FileInfo>
        <Attr Name="UsedIn" Val="synthesis"/>
        <Attr Name="UsedIn" Val="implementation"/>
        <Attr Name="UsedIn" Val="simulation"/>
      </FileInfo>
    </File>
    <File Path="$PPRDIR/src/input_whitening.v">
      <FileInfo>
        <Attr Name="UsedIn" Val="synthesis"/>
        <Attr Name="UsedIn" Val="implementation"/>
        <Attr Name="UsedIn" Val="simulation"/>
      </FileInfo>
    </File>
    <File Path="$PPRDIR/src/key_generator_compact.v">
      <FileInfo>
        <Attr Name="UsedIn" Val="synthesis"/>
        <Attr Name="UsedIn" Val="implementation"/>
        <Attr Name="UsedIn" Val="simulation"/>
      </FileInfo>
    </File>
    <File Path="$PPRDIR/src/odd_key_memory.v">
      <FileInfo>
        <Attr Name="UsedIn" Val="synthesis"/>
        <Attr Name="UsedIn" Val="implementation"/>
        <Attr Name="UsedIn" Val="simulation"/>
      </FileInfo>
    </File>
    <File Path="$PPRDIR/src/output_whitening.v">
      <FileInfo>
        <Attr Name="UsedIn" Val="synthesis"/>
        <Attr Name="UsedIn" Val="implementation"/>
        <Attr Name="UsedIn" Val="simulation"/>
      </FileInfo>
    </File>
    <File Path="$PPRDIR/src/pht.v">
      <FileInfo>
        <Attr Name="UsedIn" Val="synthesis"/>
        <Attr Name="UsedIn" Val="implementation"/>
        <Attr Name="UsedIn" Val="simulation"/>
      </FileInfo>
    </File>
    <File Path="$PPRDIR/src/round_pipeline.v">
      <FileInfo>
        <Attr Name="UsedIn" Val="synthesis"/>
        <Attr Name="UsedIn" Val="implementation"/>
        <Attr Name="UsedIn" Val="simulation"/>
      </FileInfo>
    </File>
    <File Path="$PPRDIR/src/twofish_pipeline.v">
      <FileInfo>
        <Attr Name="UsedIn" Val="synthesis"/>
        <Attr Name="UsedIn" Val="implementation"/>
        <Attr Name="UsedIn" Val="simulation"/>
      </FileInfo>
    </File>
    <Config>
      <Option Name="DesignMode" Val="RTL"/>
      <Option Name="TopModule" Val="twofish_pipeline"/>
      <Option Name="TopAutoSet" Val="TRUE"/>
    </Config>
  </FileSet>
  <FileSet Name="constrs_in" Type="Constrs" RelSrcDir="$PSRCDIR/constrs_1">
    <Filter Type="Constrs"/>
    <Config>
      <Option Name="ConstrsType" Val="XDC"/>
    </Config>
  </FileSet>
  <Strategy Version="1" Minor="2">
    <StratHandle Name="Vivado Implementation Defaults" Flow="Vivado Implementation 2016"/>
    <Step Id="init_design"/>
    <Step Id="opt_design"/>
    <Step Id="power_opt_design"/>
    <Step Id="place_design"/>
    <Step Id="post_place_power_opt_design"/>
    <Step Id="phys_opt_design"/>
    <Step Id="route_design"/>
    <Step Id="post_route_phys_opt_design"/>
    <Step Id="write_bitstream"/>
  </Strategy>
</GenRun>
